image_id,n_citi,bed,bath,sqft,price,image_path
1,48,3,2,713,228500,data/train_images/1.jpg
4,55,4,3,2547,385100,data/train_images/4.jpg
6,55,4,3,2769,415000,data/train_images/6.jpg
7,48,5,2,2600,545000,data/train_images/7.jpg
8,48,5,2,2600,545000,data/train_images/8.jpg
9,317,4,5,3932,690000,data/train_images/9.jpg
10,129,3,2,4044,1350000,data/train_images/10.jpg
11,122,5,5,6247,1499000,data/train_images/11.jpg
15,122,5,5,6247,1499000,data/train_images/15.jpg
16,122,3,3,4597,1550000,data/train_images/16.jpg
17,122,8,3,4236,1850000,data/train_images/17.jpg
18,367,4,1,1980,1995000,data/train_images/18.jpg
19,367,4,2,1967,249950,data/train_images/19.jpg
20,20,4,2,1573,205000,data/train_images/20.jpg
21,57,5,3,2065,249000,data/train_images/21.jpg
22,24,3,2,1087,195000,data/train_images/22.jpg
23,122,3,2,1400,229000,data/train_images/23.jpg
24,57,3,2,1533,229000,data/train_images/24.jpg
25,24,2,1,966,239900,data/train_images/25.jpg
26,122,3,2,1760,235000,data/train_images/26.jpg
27,24,3,2,1478,239900,data/train_images/27.jpg
28,24,4,3,1876,240000,data/train_images/28.jpg
29,24,3,2,1820,239990,data/train_images/29.jpg
30,24,3,2,1873,219000,data/train_images/30.jpg
31,312,3,2,1265,220000,data/train_images/31.jpg
32,99,3,1,1364,199500,data/train_images/32.jpg
33,24,3,2,1004,224990,data/train_images/33.jpg
34,367,4,3,3648,249000,data/train_images/34.jpg
35,24,3,2,1608,250000,data/train_images/35.jpg
36,312,3,2,1504,225000,data/train_images/36.jpg
38,57,5,3,2190,234900,data/train_images/38.jpg
39,312,3,2,1500,245000,data/train_images/39.jpg
40,57,3,2,1410,198000,data/train_images/40.jpg
41,196,3,2,1152,199900,data/train_images/41.jpg
42,282,3,2,1440,235000,data/train_images/42.jpg
43,122,2,2,1008,216500,data/train_images/43.jpg
44,57,3,2,1562,225000,data/train_images/44.jpg
45,282,2,1,974,210000,data/train_images/45.jpg
46,122,3,1,1440,219000,data/train_images/46.jpg
47,122,2,1,896,198500,data/train_images/47.jpg
48,24,4,3,1848,219900,data/train_images/48.jpg
49,282,2,2,1378,249000,data/train_images/49.jpg
51,312,3,2,1222,216000,data/train_images/51.jpg
52,312,2,2,956,230000,data/train_images/52.jpg
53,367,3,2,1320,249000,data/train_images/53.jpg
54,312,3,2,1484,255000,data/train_images/54.jpg
55,24,3,2,1499,233000,data/train_images/55.jpg
56,57,3,2,1422,195000,data/train_images/56.jpg
57,282,3,2,1152,238000,data/train_images/57.jpg
58,57,3,2,1774,230000,data/train_images/58.jpg
59,282,3,2,1584,219000,data/train_images/59.jpg
60,282,4,2,1368,239900,data/train_images/60.jpg
61,24,3,2,1268,234900,data/train_images/61.jpg
62,367,4,2,1888,255000,data/train_images/62.jpg
63,57,3,2,1877,199000,data/train_images/63.jpg
64,122,3,2,1290,237500,data/train_images/64.jpg
65,282,2,2,949,209750,data/train_images/65.jpg
66,367,3,2,1402,239000,data/train_images/66.jpg
67,24,3,2,1242,200000,data/train_images/67.jpg
68,367,3,3,2354,249000,data/train_images/68.jpg
69,282,3,2,1426,249000,data/train_images/69.jpg
70,57,4,2,1775,195000,data/train_images/70.jpg
71,282,3,2,952,199000,data/train_images/71.jpg
72,24,5,2,1953,235000,data/train_images/72.jpg
73,24,3,2,1527,209900,data/train_images/73.jpg
74,312,2,2,956,213900,data/train_images/74.jpg
75,282,3,2,1542,220000,data/train_images/75.jpg
76,24,3,2,1411,250000,data/train_images/76.jpg
77,24,3,2,1448,230000,data/train_images/77.jpg
78,122,2,2,1536,245000,data/train_images/78.jpg
79,24,2,1,991,219900,data/train_images/79.jpg
80,57,3,2,1400,249000,data/train_images/80.jpg
81,122,3,2,1380,249900,data/train_images/81.jpg
82,282,2,1,783,195000,data/train_images/82.jpg
83,156,2,1,1100,230000,data/train_images/83.jpg
84,57,3,2,1729,210000,data/train_images/84.jpg
85,57,3,2,1945,199950,data/train_images/85.jpg
86,282,4,2,1632,239000,data/train_images/86.jpg
87,282,3,2,1792,299000,data/train_images/87.jpg
88,367,4,2,1967,249950,data/train_images/88.jpg
89,312,3,2,1433,260000,data/train_images/89.jpg
91,57,5,3,2065,249000,data/train_images/91.jpg
92,24,3,2,1838,265000,data/train_images/92.jpg
93,24,3,2,1683,290000,data/train_images/93.jpg
94,312,5,2,1837,260000,data/train_images/94.jpg
95,312,3,2,1630,259900,data/train_images/95.jpg
96,122,3,2,1198,280000,data/train_images/96.jpg
98,24,3,2,1515,275000,data/train_images/98.jpg
99,57,4,2,1996,269669,data/train_images/99.jpg
100,367,4,3,3648,249000,data/train_images/100.jpg
101,24,3,2,1316,275000,data/train_images/101.jpg
102,24,3,2,1608,250000,data/train_images/102.jpg
103,24,5,2,2228,299000,data/train_images/103.jpg
104,282,3,2,1800,270000,data/train_images/104.jpg
106,57,4,3,1991,265000,data/train_images/106.jpg
107,312,3,2,1735,295000,data/train_images/107.jpg
109,312,3,2,1500,245000,data/train_images/109.jpg
110,282,2,2,1137,259000,data/train_images/110.jpg
111,220,6,5,2352,300000,data/train_images/111.jpg
112,57,3,2,2400,258000,data/train_images/112.jpg
113,122,3,3,1526,275000,data/train_images/113.jpg
114,312,3,2,1687,260000,data/train_images/114.jpg
115,122,3,2,1558,295000,data/train_images/115.jpg
116,282,2,2,1378,249000,data/train_images/116.jpg
117,312,3,2,1473,269900,data/train_images/117.jpg
118,24,4,3,1982,299900,data/train_images/118.jpg
119,196,3,2,1800,259000,data/train_images/119.jpg
120,367,3,2,1320,249000,data/train_images/120.jpg
121,122,3,2,1665,289000,data/train_images/121.jpg
122,312,3,2,1484,255000,data/train_images/122.jpg
123,45,3,2,1800,299000,data/train_images/123.jpg
124,122,3,2,2176,260000,data/train_images/124.jpg
125,122,3,3,1376,269900,data/train_images/125.jpg
126,367,4,2,1888,255000,data/train_images/126.jpg
127,282,3,3,1293,279000,data/train_images/127.jpg
128,196,3,3,2479,299500,data/train_images/128.jpg
130,367,3,3,2354,249000,data/train_images/130.jpg
131,282,3,2,1426,249000,data/train_images/131.jpg
132,282,2,2,1520,265000,data/train_images/132.jpg
133,282,3,2,1920,275000,data/train_images/133.jpg
134,122,3,2,1836,274900,data/train_images/134.jpg
135,282,3,2,1688,274960,data/train_images/135.jpg
136,24,3,2,1411,250000,data/train_images/136.jpg
137,122,4,2,1897,285000,data/train_images/137.jpg
138,282,2,2,1733,278300,data/train_images/138.jpg
139,122,2,2,1536,245000,data/train_images/139.jpg
140,282,3,2,1712,285000,data/train_images/140.jpg
141,57,3,2,1400,249000,data/train_images/141.jpg
142,282,3,2,1459,299000,data/train_images/142.jpg
143,122,3,2,1380,249900,data/train_images/143.jpg
144,282,3,2,1728,299000,data/train_images/144.jpg
145,57,3,3,2571,275000,data/train_images/145.jpg
146,282,4,3,2300,299000,data/train_images/146.jpg
147,282,3,2,1344,279000,data/train_images/147.jpg
148,282,3,2,1536,278888,data/train_images/148.jpg
149,367,3,1,1368,300000,data/train_images/149.jpg
150,282,3,2,1792,299000,data/train_images/150.jpg
151,24,3,2,2011,339900,data/train_images/151.jpg
152,312,5,3,2557,344500,data/train_images/152.jpg
153,367,4,2,1703,315000,data/train_images/153.jpg
154,282,3,2,1615,329900,data/train_images/154.jpg
155,367,3,3,1656,355000,data/train_images/155.jpg
156,24,4,3,2792,325000,data/train_images/156.jpg
157,312,4,2,1831,319900,data/train_images/157.jpg
158,122,4,2,2216,349000,data/train_images/158.jpg
159,367,3,2,1685,339000,data/train_images/159.jpg
160,24,4,2,1838,315000,data/train_images/160.jpg
161,312,4,3,1689,315000,data/train_images/161.jpg
162,24,4,2,2043,335000,data/train_images/162.jpg
163,220,3,2,2112,330000,data/train_images/163.jpg
164,24,5,2,2228,299000,data/train_images/164.jpg
166,312,4,2,2498,349990,data/train_images/166.jpg
167,312,3,2,1735,295000,data/train_images/167.jpg
169,367,3,2,1954,309900,data/train_images/169.jpg
170,312,5,3,2637,350000,data/train_images/170.jpg
171,57,5,4,2631,311000,data/train_images/171.jpg
172,220,3,2,1622,319000,data/train_images/172.jpg
173,220,6,5,2352,300000,data/train_images/173.jpg
174,357,4,2,2302,344900,data/train_images/174.jpg
175,24,3,3,2639,329999,data/train_images/175.jpg
176,282,3,1,2304,329900,data/train_images/176.jpg
177,282,3,2,1640,335000,data/train_images/177.jpg
178,122,3,2,1558,295000,data/train_images/178.jpg
179,24,4,3,1982,299900,data/train_images/179.jpg
180,367,3,2,1883,329000,data/train_images/180.jpg
181,45,3,2,1800,299000,data/train_images/181.jpg
183,312,4,3,1987,316900,data/train_images/183.jpg
184,24,3,2,2248,336800,data/train_images/184.jpg
185,24,5,3,2972,349000,data/train_images/185.jpg
186,367,4,2,1962,329999,data/train_images/186.jpg
187,122,4,2,1856,328000,data/train_images/187.jpg
188,367,4,2,2065,317000,data/train_images/188.jpg
189,196,3,3,2479,299500,data/train_images/189.jpg
190,282,3,2,2072,338000,data/train_images/190.jpg
191,282,2,1,852,350000,data/train_images/191.jpg
192,282,3,2,2380,349000,data/train_images/192.jpg
193,367,5,3,2725,345000,data/train_images/193.jpg
194,282,3,2,1459,299000,data/train_images/194.jpg
195,57,3,2,2214,314900,data/train_images/195.jpg
196,282,3,2,1728,299000,data/train_images/196.jpg
197,308,6,4,2608,339900,data/train_images/197.jpg
198,24,3,2,1840,324999,data/train_images/198.jpg
199,367,3,2,3046,349000,data/train_images/199.jpg
200,282,4,3,2300,299000,data/train_images/200.jpg
201,282,4,3,1680,329000,data/train_images/201.jpg
202,367,3,1,1368,300000,data/train_images/202.jpg
203,312,4,2,2700,360000,data/train_images/203.jpg
204,282,3,2,1958,398500,data/train_images/204.jpg
205,196,2,2,1644,369000,data/train_images/205.jpg
206,367,3,3,2052,365000,data/train_images/206.jpg
207,367,3,3,1656,355000,data/train_images/207.jpg
208,24,3,2,2296,388000,data/train_images/208.jpg
209,122,4,2,2216,349000,data/train_images/209.jpg
210,24,4,3,3249,399000,data/train_images/210.jpg
211,24,5,3,3188,399900,data/train_images/211.jpg
213,282,3,2,1837,357000,data/train_images/213.jpg
214,164,3,2,2125,389900,data/train_images/214.jpg
215,312,4,2,2498,349990,data/train_images/215.jpg
216,367,3,2,2325,369900,data/train_images/216.jpg
217,312,5,3,2637,350000,data/train_images/217.jpg
218,367,4,2,2252,388950,data/train_images/218.jpg
219,282,3,2,2000,399000,data/train_images/219.jpg
220,24,5,3,2527,359900,data/train_images/220.jpg
221,367,3,2,1762,365000,data/train_images/221.jpg
222,122,4,4,2900,359000,data/train_images/222.jpg
223,196,3,2,2287,369963,data/train_images/223.jpg
224,122,4,3,2546,379900,data/train_images/224.jpg
225,122,3,3,2075,399000,data/train_images/225.jpg
227,24,5,3,2972,349000,data/train_images/227.jpg
228,367,4,2,2372,374000,data/train_images/228.jpg
229,312,5,3,2760,375000,data/train_images/229.jpg
230,282,3,2,2230,369900,data/train_images/230.jpg
231,163,2,2,1104,395000,data/train_images/231.jpg
232,282,4,3,2570,369900,data/train_images/232.jpg
233,24,4,3,3071,395000,data/train_images/233.jpg
234,24,4,3,2592,379900,data/train_images/234.jpg
235,24,4,3,2368,399990,data/train_images/235.jpg
236,282,2,1,852,350000,data/train_images/236.jpg
237,282,3,2,2380,349000,data/train_images/237.jpg
238,367,5,3,2725,345000,data/train_images/238.jpg
239,282,3,2,2196,356900,data/train_images/239.jpg
240,122,3,3,2389,389000,data/train_images/240.jpg
241,122,4,3,2746,379000,data/train_images/241.jpg
242,367,3,2,3046,349000,data/train_images/242.jpg
243,220,4,4,1687,400000,data/train_images/243.jpg
244,282,3,2,1958,398500,data/train_images/244.jpg
245,367,3,2,2753,439000,data/train_images/245.jpg
246,129,3,3,2503,449000,data/train_images/246.jpg
247,24,4,3,3249,399000,data/train_images/247.jpg
248,24,4,3,3578,449900,data/train_images/248.jpg
249,24,5,3,3188,399900,data/train_images/249.jpg
250,24,4,2,2496,419000,data/train_images/250.jpg
251,122,3,2,2620,439000,data/train_images/251.jpg
252,367,3,3,2265,429000,data/train_images/252.jpg
253,282,3,2,2000,399000,data/train_images/253.jpg
254,24,4,3,2475,425000,data/train_images/254.jpg
255,122,3,3,2075,399000,data/train_images/255.jpg
256,282,3,3,1915,423000,data/train_images/256.jpg
257,282,3,2,2570,439000,data/train_images/257.jpg
258,163,2,2,1104,395000,data/train_images/258.jpg
259,24,4,3,3071,395000,data/train_images/259.jpg
260,24,4,3,2368,399990,data/train_images/260.jpg
261,56,5,4,3538,450000,data/train_images/261.jpg
262,367,3,2,2638,424998,data/train_images/262.jpg
263,282,4,3,3744,445000,data/train_images/263.jpg
264,282,4,4,5300,449000,data/train_images/264.jpg
265,282,4,3,2753,425000,data/train_images/265.jpg
266,282,4,4,3855,425000,data/train_images/266.jpg
267,220,4,4,1687,400000,data/train_images/267.jpg
268,282,4,2,2962,490000,data/train_images/268.jpg
269,24,4,2,3136,469000,data/train_images/269.jpg
270,129,3,3,2503,449000,data/train_images/270.jpg
271,24,4,3,3578,449900,data/train_images/271.jpg
272,24,10,8,3784,475000,data/train_images/272.jpg
273,24,4,3,2521,475000,data/train_images/273.jpg
274,282,3,2,2150,495500,data/train_images/274.jpg
275,367,5,2,3752,489000,data/train_images/275.jpg
276,56,5,4,3538,450000,data/train_images/276.jpg
277,282,4,3,3744,445000,data/train_images/277.jpg
278,282,4,4,5300,449000,data/train_images/278.jpg
279,122,3,2,1200,485000,data/train_images/279.jpg
280,282,5,3,3300,499000,data/train_images/280.jpg
281,282,3,3,2475,535000,data/train_images/281.jpg
282,282,3,2,2150,495500,data/train_images/282.jpg
283,56,3,2,2040,550000,data/train_images/283.jpg
284,367,3,2,3443,545000,data/train_images/284.jpg
285,56,3,2,2040,550000,data/train_images/285.jpg
286,312,6,5,3942,550000,data/train_images/286.jpg
289,24,5,2,3103,550000,data/train_images/289.jpg
290,28,4,3,3001,545000,data/train_images/290.jpg
291,409,3,3,2466,524000,data/train_images/291.jpg
292,282,5,3,3300,499000,data/train_images/292.jpg
293,56,3,2,2040,550000,data/train_images/293.jpg
294,367,3,2,3443,545000,data/train_images/294.jpg
295,56,3,2,2040,550000,data/train_images/295.jpg
296,312,6,5,3942,550000,data/train_images/296.jpg
299,24,5,2,3103,550000,data/train_images/299.jpg
300,28,4,3,3001,545000,data/train_images/300.jpg
301,56,2,1,1480,599000,data/train_images/301.jpg
302,24,6,3,2730,649999,data/train_images/302.jpg
303,24,4,3,3472,619999,data/train_images/303.jpg
304,367,4,3,4510,645000,data/train_images/304.jpg
305,56,2,1,1480,599000,data/train_images/305.jpg
306,24,6,3,2730,649999,data/train_images/306.jpg
308,20,4,4,4111,699000,data/train_images/308.jpg
309,367,4,3,4510,645000,data/train_images/309.jpg
310,122,4,2,3383,715000,data/train_images/310.jpg
311,156,5,3,3000,750000,data/train_images/311.jpg
312,24,4,2,3221,747000,data/train_images/312.jpg
313,24,5,4,5085,719000,data/train_images/313.jpg
316,24,5,3,5832,799500,data/train_images/316.jpg
317,156,5,3,3000,750000,data/train_images/317.jpg
318,24,4,2,2901,799000,data/train_images/318.jpg
319,24,4,2,3221,747000,data/train_images/319.jpg
320,24,5,4,4481,760000,data/train_images/320.jpg
321,24,5,3,5832,799500,data/train_images/321.jpg
322,24,4,2,2901,799000,data/train_images/322.jpg
323,122,4,3,4390,829000,data/train_images/323.jpg
324,24,7,4,5082,949000,data/train_images/324.jpg
326,360,3,2,2185,1095000,data/train_images/326.jpg
327,360,3,2,1671,1225000,data/train_images/327.jpg
328,126,3,2,1635,1075000,data/train_images/328.jpg
329,106,3,3,1980,1449700,data/train_images/329.jpg
330,301,4,2,2100,1049000,data/train_images/330.jpg
331,410,4,3,2568,1100000,data/train_images/331.jpg
332,223,6,5,2625,1080000,data/train_images/332.jpg
333,207,2,2,1834,1395000,data/train_images/333.jpg
334,94,3,3,1382,1229000,data/train_images/334.jpg
335,410,4,4,2308,1195000,data/train_images/335.jpg
336,204,4,2,2055,1195000,data/train_images/336.jpg
337,395,4,4,3348,1033000,data/train_images/337.jpg
338,207,3,2,2162,1299000,data/train_images/338.jpg
339,207,3,2,1970,1175000,data/train_images/339.jpg
340,315,4,3,3219,1038000,data/train_images/340.jpg
341,207,2,1,1054,999999,data/train_images/341.jpg
342,204,5,4,3850,1423500,data/train_images/342.jpg
343,207,3,2,1646,1079000,data/train_images/343.jpg
344,292,4,5,3923,1149000,data/train_images/344.jpg
345,239,3,3,2176,1089000,data/train_images/345.jpg
347,337,2,1,1064,1450000,data/train_images/347.jpg
348,328,3,2,1509,1188000,data/train_images/348.jpg
349,410,3,3,2338,1095000,data/train_images/349.jpg
350,207,2,1,957,1499000,data/train_images/350.jpg
351,207,3,2,1623,1075000,data/train_images/351.jpg
352,3,4,3,3003,1130000,data/train_images/352.jpg
353,359,4,3,3193,1097000,data/train_images/353.jpg
354,165,3,2,1302,999999,data/train_images/354.jpg
355,16,4,3,2406,1348000,data/train_images/355.jpg
356,274,4,3,1874,1150000,data/train_images/356.jpg
357,112,2,1,1057,1400000,data/train_images/357.jpg
359,274,6,4,3145,1077500,data/train_images/359.jpg
360,315,4,3,2866,1200000,data/train_images/360.jpg
361,395,4,3,2484,1150000,data/train_images/361.jpg
362,111,6,3,3129,995900,data/train_images/362.jpg
363,376,4,2,1923,1095000,data/train_images/363.jpg
364,207,3,2,1758,1200000,data/train_images/364.jpg
367,207,3,2,1600,1199000,data/train_images/367.jpg
369,207,2,2,1072,1099000,data/train_images/369.jpg
370,94,2,1,1034,1050000,data/train_images/370.jpg
371,207,3,2,1426,1198000,data/train_images/371.jpg
372,410,3,2,2021,1275000,data/train_images/372.jpg
374,207,3,2,1293,1198900,data/train_images/374.jpg
375,204,3,1,1432,1299000,data/train_images/375.jpg
376,410,4,2,2364,1050000,data/train_images/376.jpg
377,410,3,4,2890,1475000,data/train_images/377.jpg
378,114,3,2,1445,1150000,data/train_images/378.jpg
381,207,3,2,1771,1195000,data/train_images/381.jpg
383,274,3,2,2569,1250000,data/train_images/383.jpg
384,301,3,2,1612,1289000,data/train_images/384.jpg
385,204,7,6,3200,1450000,data/train_images/385.jpg
386,410,6,3,3070,1350000,data/train_images/386.jpg
387,207,3,2,1677,1149000,data/train_images/387.jpg
388,346,2,2,1628,995000,data/train_images/388.jpg
389,207,3,2,1223,999999,data/train_images/389.jpg
390,207,2,1,1274,1325000,data/train_images/390.jpg
392,204,3,3,2596,1250000,data/train_images/392.jpg
393,126,3,2,1861,1184888,data/train_images/393.jpg
394,221,4,5,3677,1329900,data/train_images/394.jpg
395,114,5,4,2200,999000,data/train_images/395.jpg
396,207,4,2,2031,1380000,data/train_images/396.jpg
397,410,4,4,3154,1119000,data/train_images/397.jpg
398,207,4,3,2500,1255000,data/train_images/398.jpg
399,247,4,3,3176,999900,data/train_images/399.jpg
400,274,3,2,1052,995000,data/train_images/400.jpg
401,376,5,3,2388,1399000,data/train_images/401.jpg
403,3,5,3,3146,1249000,data/train_images/403.jpg
404,126,4,2,2398,1349000,data/train_images/404.jpg
405,364,4,5,3343,995000,data/train_images/405.jpg
406,221,4,2,2680,1138000,data/train_images/406.jpg
407,207,3,3,1954,1075000,data/train_images/407.jpg
408,410,5,4,3009,1254888,data/train_images/408.jpg
409,23,5,4,4584,1349000,data/train_images/409.jpg
410,315,4,3,3126,1148000,data/train_images/410.jpg
411,126,3,3,2106,1349900,data/train_images/411.jpg
412,94,2,1,1053,1050000,data/train_images/412.jpg
414,274,4,2,2097,1259000,data/train_images/414.jpg
415,410,5,3,2862,1349000,data/train_images/415.jpg
416,70,5,4,3154,1160000,data/train_images/416.jpg
417,16,3,2,2074,1299990,data/train_images/417.jpg
418,221,3,2,2728,1250000,data/train_images/418.jpg
419,16,5,6,3543,1350000,data/train_images/419.jpg
420,204,3,2,1817,1189000,data/train_images/420.jpg
421,366,4,3,2455,1295000,data/train_images/421.jpg
422,52,4,3,2012,1099000,data/train_images/422.jpg
424,102,5,6,3467,1480000,data/train_images/424.jpg
425,136,5,6,5629,1480000,data/train_images/425.jpg
426,207,3,2,1700,1395000,data/train_images/426.jpg
427,114,3,2,2202,1195000,data/train_images/427.jpg
428,207,5,5,3506,1395000,data/train_images/428.jpg
429,207,3,2,1467,1495000,data/train_images/429.jpg
430,63,4,3,3144,1050000,data/train_images/430.jpg
431,204,5,4,2126,1299000,data/train_images/431.jpg
434,165,3,2,1818,1399000,data/train_images/434.jpg
435,207,3,2,1530,995000,data/train_images/435.jpg
436,16,3,2,1973,1258888,data/train_images/436.jpg
437,387,4,4,2619,1099000,data/train_images/437.jpg
438,207,5,3,2142,1100000,data/train_images/438.jpg
439,52,4,4,2097,1445000,data/train_images/439.jpg
440,410,4,3,2481,999999,data/train_images/440.jpg
441,207,3,1,1200,1090000,data/train_images/441.jpg
442,207,5,3,2374,1350000,data/train_images/442.jpg
444,204,2,2,1145,1100000,data/train_images/444.jpg
445,397,5,2,2843,1050000,data/train_images/445.jpg
446,126,3,2,1391,1050000,data/train_images/446.jpg
447,346,3,2,2706,1479900,data/train_images/447.jpg
449,347,3,2,1641,1125000,data/train_images/449.jpg
450,204,4,3,4051,1295000,data/train_images/450.jpg
451,366,5,4,3262,1349000,data/train_images/451.jpg
452,366,3,2,1890,998000,data/train_images/452.jpg
453,6,5,3,2629,1088000,data/train_images/453.jpg
454,395,3,3,2479,998000,data/train_images/454.jpg
455,207,5,1,2252,1199000,data/train_images/455.jpg
456,315,5,4,3300,1350000,data/train_images/456.jpg
457,207,3,2,1554,1050000,data/train_images/457.jpg
459,366,3,2,1764,1189000,data/train_images/459.jpg
460,207,4,2,2092,1100000,data/train_images/460.jpg
461,207,6,3,3439,1250000,data/train_images/461.jpg
462,207,4,3,3101,1400000,data/train_images/462.jpg
463,94,2,2,1319,1029999,data/train_images/463.jpg
464,346,3,2,1875,1399000,data/train_images/464.jpg
465,347,2,2,1262,1100000,data/train_images/465.jpg
468,207,4,3,2433,1449000,data/train_images/468.jpg
469,376,4,2,1784,1120000,data/train_images/469.jpg
470,207,2,2,2024,1499000,data/train_images/470.jpg
471,204,4,3,2013,995000,data/train_images/471.jpg
472,389,1,1,499,1194000,data/train_images/472.jpg
473,346,3,2,1942,1298000,data/train_images/473.jpg
474,207,4,3,2340,1399000,data/train_images/474.jpg
475,207,4,3,2162,1479000,data/train_images/475.jpg
476,207,2,2,1163,999000,data/train_images/476.jpg
478,410,4,3,2830,1299000,data/train_images/478.jpg
479,274,4,4,2730,1788800,data/train_images/479.jpg
480,155,4,3,3415,1899999,data/train_images/480.jpg
481,400,3,2,2200,1750000,data/train_images/481.jpg
483,207,4,3,2425,1699000,data/train_images/483.jpg
484,207,3,2,1928,1925000,data/train_images/484.jpg
485,207,2,2,1267,1699000,data/train_images/485.jpg
486,10,4,4,3198,1600000,data/train_images/486.jpg
487,127,4,4,4472,1612990,data/train_images/487.jpg
489,207,2,1,957,1499000,data/train_images/489.jpg
494,360,3,2,1762,1585000,data/train_images/494.jpg
496,176,5,6,5640,1748800,data/train_images/496.jpg
497,207,4,1,2317,1518800,data/train_images/497.jpg
498,410,4,2,3500,1699000,data/train_images/498.jpg
499,207,3,2,1776,1650000,data/train_images/499.jpg
504,207,4,3,1820,1599000,data/train_images/504.jpg
506,301,3,3,3050,1790000,data/train_images/506.jpg
507,386,4,3,2142,1549000,data/train_images/507.jpg
508,136,4,6,4351,1680000,data/train_images/508.jpg
509,207,3,2,2092,1649999,data/train_images/509.jpg
510,207,3,2,1996,1999999,data/train_images/510.jpg
512,346,4,4,3181,1899900,data/train_images/512.jpg
514,207,4,4,2100,1550000,data/train_images/514.jpg
515,274,5,5,4614,1698000,data/train_images/515.jpg
516,305,4,3,1718,1599000,data/train_images/516.jpg
517,221,4,4,3495,1739000,data/train_images/517.jpg
518,207,4,2,2562,1995000,data/train_images/518.jpg
519,301,4,4,3583,1888000,data/train_images/519.jpg
520,207,3,2,1467,1495000,data/train_images/520.jpg
522,207,4,3,2580,1695000,data/train_images/522.jpg
523,289,3,3,2852,1695000,data/train_images/523.jpg
524,126,4,4,3038,1995000,data/train_images/524.jpg
525,16,2,2,2595,1980000,data/train_images/525.jpg
527,301,3,2,1922,1550000,data/train_images/527.jpg
528,269,5,2,3146,1849000,data/train_images/528.jpg
529,404,7,3,2101,1599900,data/train_images/529.jpg
530,346,3,2,2077,1699000,data/train_images/530.jpg
532,63,3,2,1857,1900000,data/train_images/532.jpg
533,207,4,2,1953,1795000,data/train_images/533.jpg
534,207,3,2,2029,1595000,data/train_images/534.jpg
535,52,4,3,2300,1599000,data/train_images/535.jpg
536,290,6,5,4605,1600000,data/train_images/536.jpg
537,207,3,3,2367,1649000,data/train_images/537.jpg
538,389,3,2,1250,1550000,data/train_images/538.jpg
539,374,3,2,2641,1549000,data/train_images/539.jpg
540,344,6,7,5265,1980000,data/train_images/540.jpg
541,328,4,2,2334,1799000,data/train_images/541.jpg
542,292,5,4,3363,1649995,data/train_images/542.jpg
543,204,3,4,2196,1599000,data/train_images/543.jpg
546,207,2,2,2024,1499000,data/train_images/546.jpg
547,207,3,2,1723,1600000,data/train_images/547.jpg
549,207,3,2,2013,1752000,data/train_images/549.jpg
551,207,3,3,2318,1570000,data/train_images/551.jpg
552,35,3,2,1530,1795000,data/train_images/552.jpg
553,274,3,2,2358,1599000,data/train_images/553.jpg
554,35,3,2,1360,1599000,data/train_images/554.jpg
555,142,3,2,1894,1499000,data/train_images/555.jpg
556,207,3,3,1816,1995000,data/train_images/556.jpg
557,395,5,4,4201,1550000,data/train_images/557.jpg
558,52,4,3,3692,1550000,data/train_images/558.jpg
559,207,2,2,2184,1600000,data/train_images/559.jpg
561,207,4,3,2536,1998000,data/train_images/561.jpg
562,207,3,2,1897,1795000,data/train_images/562.jpg
563,94,3,2,1918,1799000,data/train_images/563.jpg
564,35,3,2,1984,1799000,data/train_images/564.jpg
565,207,3,3,2816,1585000,data/train_images/565.jpg
566,81,5,4,4502,1598800,data/train_images/566.jpg
567,305,4,2,1792,1749000,data/train_images/567.jpg
568,207,4,3,1759,1545000,data/train_images/568.jpg
569,16,5,4,3787,1888888,data/train_images/569.jpg
570,292,5,5,4721,1850000,data/train_images/570.jpg
571,207,5,5,3342,1775000,data/train_images/571.jpg
573,207,5,4,2300,1999000,data/train_images/573.jpg
574,207,3,2,1661,1895000,data/train_images/574.jpg
575,355,4,3,2171,1887000,data/train_images/575.jpg
576,346,4,5,2700,1865000,data/train_images/576.jpg
578,207,2,2,1352,1649000,data/train_images/578.jpg
580,94,3,4,2722,1995000,data/train_images/580.jpg
581,207,3,2,1416,1698000,data/train_images/581.jpg
582,207,3,3,2675,1990000,data/train_images/582.jpg
584,386,3,3,3097,1799000,data/train_images/584.jpg
585,347,4,2,2642,1795000,data/train_images/585.jpg
586,94,4,4,3035,1999999,data/train_images/586.jpg
587,207,3,2,1621,1599000,data/train_images/587.jpg
588,315,5,5,4503,1500000,data/train_images/588.jpg
589,102,6,4,4368,1798000,data/train_images/589.jpg
590,360,4,3,3048,1649000,data/train_images/590.jpg
591,397,5,5,4403,1800000,data/train_images/591.jpg
592,301,4,3,1929,1525000,data/train_images/592.jpg
594,207,3,2,2350,1950000,data/train_images/594.jpg
595,54,5,3,3291,1579000,data/train_images/595.jpg
599,315,7,6,4824,1498000,data/train_images/599.jpg
600,207,4,4,3096,1825000,data/train_images/600.jpg
601,289,4,2,2309,1549000,data/train_images/601.jpg
605,207,4,3,3098,1799000,data/train_images/605.jpg
606,207,3,3,2030,1575000,data/train_images/606.jpg
607,207,3,2,1787,1550000,data/train_images/607.jpg
608,269,4,3,2906,1719000,data/train_images/608.jpg
609,54,5,6,4994,1999900,data/train_images/609.jpg
610,399,4,2,1944,1679000,data/train_images/610.jpg
611,389,4,2,1356,1995000,data/train_images/611.jpg
612,207,5,3,2450,1825000,data/train_images/612.jpg
613,126,3,3,2690,1897000,data/train_images/613.jpg
614,165,3,4,2616,1645000,data/train_images/614.jpg
616,274,4,2,2535,1958000,data/train_images/616.jpg
618,328,4,3,2678,1788000,data/train_images/618.jpg
619,274,4,2,2294,1499000,data/train_images/619.jpg
620,328,3,2,2097,1798000,data/train_images/620.jpg
621,16,3,2,1680,1880000,data/train_images/621.jpg
622,369,4,4,3824,1998000,data/train_images/622.jpg
623,52,4,3,2366,1599000,data/train_images/623.jpg
624,305,5,3,2357,1950000,data/train_images/624.jpg
625,207,4,3,2436,1695000,data/train_images/625.jpg
626,346,5,6,4000,1849000,data/train_images/626.jpg
629,112,3,2,2156,1897280,data/train_images/629.jpg
630,193,2,1,720,219900,data/train_images/630.jpg
631,193,4,2,1178,249000,data/train_images/631.jpg
633,193,3,2,1157,255000,data/train_images/633.jpg
635,193,4,2,1248,225000,data/train_images/635.jpg
636,199,1,2,1036,239000,data/train_images/636.jpg
637,267,3,1,1044,229000,data/train_images/637.jpg
639,193,4,2,1384,250000,data/train_images/639.jpg
640,193,3,2,1320,224900,data/train_images/640.jpg
641,277,3,2,1512,229900,data/train_images/641.jpg
642,193,3,2,1134,242900,data/train_images/642.jpg
643,193,4,2,1204,199000,data/train_images/643.jpg
644,193,3,1,938,229999,data/train_images/644.jpg
645,193,3,2,1134,230000,data/train_images/645.jpg
646,193,3,1,1526,235000,data/train_images/646.jpg
647,267,3,2,1140,230000,data/train_images/647.jpg
648,193,3,2,1107,210000,data/train_images/648.jpg
649,267,1,1,556,250000,data/train_images/649.jpg
650,193,3,1,1030,225000,data/train_images/650.jpg
651,267,3,2,1590,219900,data/train_images/651.jpg
652,193,4,2,1512,249900,data/train_images/652.jpg
653,193,4,2,1170,215000,data/train_images/653.jpg
654,267,3,1,983,245000,data/train_images/654.jpg
655,267,3,1,1083,249900,data/train_images/655.jpg
656,188,4,2,1384,240000,data/train_images/656.jpg
657,193,3,2,1568,230000,data/train_images/657.jpg
658,193,3,1,943,204900,data/train_images/658.jpg
659,199,2,1,680,199990,data/train_images/659.jpg
660,193,3,1,1087,239000,data/train_images/660.jpg
661,193,4,2,1204,255000,data/train_images/661.jpg
665,267,3,1,1053,215000,data/train_images/665.jpg
666,193,3,1,1184,244900,data/train_images/666.jpg
667,277,3,1,1000,226000,data/train_images/667.jpg
668,193,3,2,1320,239990,data/train_images/668.jpg
669,193,4,2,1300,244990,data/train_images/669.jpg
670,193,2,1,1443,239900,data/train_images/670.jpg
671,193,3,2,1262,225000,data/train_images/671.jpg
672,193,3,1,988,223800,data/train_images/672.jpg
673,193,4,2,1164,218000,data/train_images/673.jpg
674,267,3,1,1064,245000,data/train_images/674.jpg
675,267,3,2,1134,240000,data/train_images/675.jpg
676,193,3,1,1010,229900,data/train_images/676.jpg
677,193,3,2,1296,239900,data/train_images/677.jpg
678,193,4,2,1112,234990,data/train_images/678.jpg
679,193,4,2,1484,249900,data/train_images/679.jpg
681,188,3,2,1134,250000,data/train_images/681.jpg
683,199,2,1,825,219900,data/train_images/683.jpg
684,193,3,1,936,229900,data/train_images/684.jpg
685,267,3,2,1227,229900,data/train_images/685.jpg
686,193,2,1,720,210000,data/train_images/686.jpg
687,267,3,2,1456,199999,data/train_images/687.jpg
689,193,2,1,825,215000,data/train_images/689.jpg
690,193,4,2,1400,249900,data/train_images/690.jpg
691,193,4,2,1617,253900,data/train_images/691.jpg
692,193,3,2,1296,234999,data/train_images/692.jpg
693,193,3,2,1068,244900,data/train_images/693.jpg
694,193,3,1,936,218000,data/train_images/694.jpg
695,193,3,1,1269,217000,data/train_images/695.jpg
696,193,3,2,1414,234900,data/train_images/696.jpg
697,188,3,2,1025,229900,data/train_images/697.jpg
698,193,3,1,1036,225000,data/train_images/698.jpg
699,267,2,1,804,200560,data/train_images/699.jpg
700,193,3,1,1036,221000,data/train_images/700.jpg
701,267,3,1,988,239900,data/train_images/701.jpg
702,193,3,2,1179,229999,data/train_images/702.jpg
703,193,3,1,1089,209900,data/train_images/703.jpg
704,188,3,2,1118,234900,data/train_images/704.jpg
705,199,2,1,720,209990,data/train_images/705.jpg
706,193,2,1,954,225000,data/train_images/706.jpg
707,199,2,1,720,209990,data/train_images/707.jpg
708,193,3,2,1334,220000,data/train_images/708.jpg
709,193,3,1,1225,249999,data/train_images/709.jpg
710,267,3,2,1322,247000,data/train_images/710.jpg
711,267,3,2,1402,224900,data/train_images/711.jpg
712,193,3,1,1025,217000,data/train_images/712.jpg
713,188,3,2,1346,234900,data/train_images/713.jpg
714,193,4,36,1229,240000,data/train_images/714.jpg
715,193,3,2,1120,239000,data/train_images/715.jpg
716,267,4,2,1248,244900,data/train_images/716.jpg
718,193,3,1,1010,214900,data/train_images/718.jpg
719,193,3,2,1064,249000,data/train_images/719.jpg
720,187,3,1,1008,235500,data/train_images/720.jpg
721,187,3,1,1066,249500,data/train_images/721.jpg
722,267,3,2,1176,214000,data/train_images/722.jpg
723,193,2,1,720,219900,data/train_images/723.jpg
724,267,3,2,1108,230000,data/train_images/724.jpg
725,193,3,2,1296,245000,data/train_images/725.jpg
726,193,4,3,2722,199900,data/train_images/726.jpg
727,193,3,2,1488,243000,data/train_images/727.jpg
728,193,2,2,798,229900,data/train_images/728.jpg
729,267,3,2,1346,255000,data/train_images/729.jpg
730,193,2,2,1102,230000,data/train_images/730.jpg
731,193,4,1,1259,238900,data/train_images/731.jpg
732,333,2,1,756,199500,data/train_images/732.jpg
733,187,3,2,1560,250000,data/train_images/733.jpg
734,188,3,1,1000,215000,data/train_images/734.jpg
735,200,2,1,2250,199990,data/train_images/735.jpg
736,193,4,2,1517,247000,data/train_images/736.jpg
737,193,4,2,1248,230000,data/train_images/737.jpg
738,193,3,2,1304,249900,data/train_images/738.jpg
739,188,3,4,1346,250000,data/train_images/739.jpg
740,188,3,2,1762,235000,data/train_images/740.jpg
741,267,2,2,937,254900,data/train_images/741.jpg
742,193,3,1,1212,250000,data/train_images/742.jpg
743,193,1,1,416,195000,data/train_images/743.jpg
744,193,3,2,1269,210000,data/train_images/744.jpg
745,267,3,2,1134,231550,data/train_images/745.jpg
746,193,3,2,1567,235000,data/train_images/746.jpg
749,193,3,2,2022,249000,data/train_images/749.jpg
750,267,3,1,1285,259900,data/train_images/750.jpg
751,277,3,2,1473,278500,data/train_images/751.jpg
753,193,4,2,1178,249000,data/train_images/753.jpg
754,193,3,2,1157,255000,data/train_images/754.jpg
755,193,3,3,1458,280000,data/train_images/755.jpg
756,267,3,2,1232,299990,data/train_images/756.jpg
757,267,3,2,1502,289000,data/train_images/757.jpg
758,267,4,2,1399,290000,data/train_images/758.jpg
759,193,3,3,1637,279900,data/train_images/759.jpg
760,267,4,2,1488,299000,data/train_images/760.jpg
761,267,3,2,1115,259999,data/train_images/761.jpg
762,193,4,2,1384,250000,data/train_images/762.jpg
763,193,2,2,1408,289500,data/train_images/763.jpg
764,193,3,2,1066,289990,data/train_images/764.jpg
765,193,4,1,1418,259990,data/train_images/765.jpg
766,193,3,2,1492,269900,data/train_images/766.jpg
767,193,3,2,1536,272500,data/train_images/767.jpg
768,193,3,1,1088,294900,data/train_images/768.jpg
769,193,4,2,1813,299900,data/train_images/769.jpg
770,267,3,2,1112,289990,data/train_images/770.jpg
771,193,3,2,1379,270000,data/train_images/771.jpg
772,193,3,2,1625,275000,data/train_images/772.jpg
773,207,1,1,568,299000,data/train_images/773.jpg
774,267,3,2,1000,258900,data/train_images/774.jpg
775,193,4,2,1274,298900,data/train_images/775.jpg
776,193,4,2,1204,270000,data/train_images/776.jpg
778,267,4,13,1836,299000,data/train_images/778.jpg
779,193,3,2,1240,290000,data/train_images/779.jpg
780,267,1,1,556,250000,data/train_images/780.jpg
781,193,3,2,1310,259000,data/train_images/781.jpg
782,187,2,2,1034,289900,data/train_images/782.jpg
783,193,3,2,1023,289000,data/train_images/783.jpg
785,267,3,2,1528,284900,data/train_images/785.jpg
786,193,4,2,1512,249900,data/train_images/786.jpg
787,199,3,2,1302,279990,data/train_images/787.jpg
788,267,3,2,1290,299000,data/train_images/788.jpg
789,333,2,2,988,289000,data/train_images/789.jpg
790,193,4,2,1389,280000,data/train_images/790.jpg
791,267,3,1,983,245000,data/train_images/791.jpg
792,193,4,2,1498,289990,data/train_images/792.jpg
793,267,3,1,1083,249900,data/train_images/793.jpg
794,193,3,2,1224,259800,data/train_images/794.jpg
795,193,3,2,1335,299000,data/train_images/795.jpg
796,193,3,2,1458,279000,data/train_images/796.jpg
797,193,4,2,1204,255000,data/train_images/797.jpg
800,193,3,2,1260,267900,data/train_images/800.jpg
801,267,4,2,1355,299999,data/train_images/801.jpg
802,193,3,2,1240,290000,data/train_images/802.jpg
803,245,2,1,800,265000,data/train_images/803.jpg
804,193,3,1,1193,273900,data/train_images/804.jpg
805,267,3,2,1274,270000,data/train_images/805.jpg
806,193,3,2,1568,264900,data/train_images/806.jpg
808,184,2,1,1000,259900,data/train_images/808.jpg
809,193,3,2,1616,289000,data/train_images/809.jpg
811,267,4,2,1327,295000,data/train_images/811.jpg
812,267,3,1,1064,245000,data/train_images/812.jpg
813,187,3,2,1560,305000,data/train_images/813.jpg
814,267,3,4,1299,287000,data/train_images/814.jpg
815,193,3,2,1230,270000,data/train_images/815.jpg
816,193,3,3,1672,294900,data/train_images/816.jpg
817,193,4,2,1484,249900,data/train_images/817.jpg
818,193,4,3,2133,299900,data/train_images/818.jpg
819,193,3,2,1502,299000,data/train_images/819.jpg
820,193,4,3,1841,285000,data/train_images/820.jpg
821,267,3,2,1290,295000,data/train_images/821.jpg
823,188,3,2,1134,250000,data/train_images/823.jpg
824,193,3,2,1045,294900,data/train_images/824.jpg
825,267,3,3,1417,285000,data/train_images/825.jpg
827,267,3,2,1410,290000,data/train_images/827.jpg
828,267,4,2,1873,285000,data/train_images/828.jpg
829,184,2,2,1504,289000,data/train_images/829.jpg
830,193,3,3,1980,290000,data/train_images/830.jpg
831,239,2,1,864,260000,data/train_images/831.jpg
832,267,4,2,1422,285900,data/train_images/832.jpg
833,193,3,2,1365,257500,data/train_images/833.jpg
834,267,2,2,1103,273000,data/train_images/834.jpg
835,193,3,1,1181,275000,data/train_images/835.jpg
836,193,5,2,2084,280000,data/train_images/836.jpg
837,193,3,2,1502,270000,data/train_images/837.jpg
838,193,3,2,1285,289000,data/train_images/838.jpg
839,193,4,2,1836,305000,data/train_images/839.jpg
841,193,4,2,1334,299900,data/train_images/841.jpg
842,267,3,2,1190,263000,data/train_images/842.jpg
843,193,4,2,1400,249900,data/train_images/843.jpg
844,267,4,4,1150,263900,data/train_images/844.jpg
845,193,2,2,1043,265000,data/train_images/845.jpg
846,193,4,2,1617,253900,data/train_images/846.jpg
847,193,3,2,1589,280000,data/train_images/847.jpg
848,267,3,2,1182,280000,data/train_images/848.jpg
849,193,3,2,1246,274990,data/train_images/849.jpg
850,267,3,2,1190,275000,data/train_images/850.jpg
851,187,3,2,1008,259000,data/train_images/851.jpg
852,193,3,2,1240,279000,data/train_images/852.jpg
853,267,3,2,2000,285000,data/train_images/853.jpg
854,267,3,2,1083,279900,data/train_images/854.jpg
856,267,3,1,1064,259900,data/train_images/856.jpg
857,193,3,2,1365,284500,data/train_images/857.jpg
858,193,3,2,1317,289999,data/train_images/858.jpg
859,267,3,2,1422,285000,data/train_images/859.jpg
860,193,3,2,1534,285000,data/train_images/860.jpg
862,193,3,2,1312,282990,data/train_images/862.jpg
863,267,3,2,1462,290000,data/train_images/863.jpg
864,155,1,1,632,304900,data/train_images/864.jpg
865,267,3,1,1285,259990,data/train_images/865.jpg
866,267,2,2,924,295000,data/train_images/866.jpg
867,193,3,2,1177,295000,data/train_images/867.jpg
868,193,4,2,1615,259900,data/train_images/868.jpg
869,199,3,1,1216,265000,data/train_images/869.jpg
870,267,2,1,672,269900,data/train_images/870.jpg
871,193,3,2,1515,298000,data/train_images/871.jpg
872,193,3,2,1440,265000,data/train_images/872.jpg
873,193,3,2,1706,299000,data/train_images/873.jpg
875,193,4,2,1485,279900,data/train_images/875.jpg
876,267,2,2,1020,265000,data/train_images/876.jpg
877,207,2,1,834,299999,data/train_images/877.jpg
878,193,3,2,1380,282999,data/train_images/878.jpg
879,267,2,2,1320,270000,data/train_images/879.jpg
880,330,1,1,622,285000,data/train_images/880.jpg
881,193,4,2,1728,269000,data/train_images/881.jpg
882,193,3,2,1431,279000,data/train_images/882.jpg
883,193,3,2,1440,269999,data/train_images/883.jpg
884,193,3,1,1225,249999,data/train_images/884.jpg
885,267,3,2,1384,305000,data/train_images/885.jpg
886,267,3,3,1473,289900,data/train_images/886.jpg
887,267,3,2,1322,247000,data/train_images/887.jpg
888,193,5,2,1400,270000,data/train_images/888.jpg
890,193,2,2,1156,286000,data/train_images/890.jpg
891,133,2,1,826,270000,data/train_images/891.jpg
892,193,3,2,1376,295000,data/train_images/892.jpg
893,193,3,2,1064,249000,data/train_images/893.jpg
894,193,3,3,1623,289000,data/train_images/894.jpg
895,187,3,1,1066,249500,data/train_images/895.jpg
896,267,3,2,1190,283900,data/train_images/896.jpg
897,193,3,2,1397,289000,data/train_images/897.jpg
898,267,3,2,1519,275000,data/train_images/898.jpg
899,193,3,2,1296,245000,data/train_images/899.jpg
900,193,3,2,1483,289900,data/train_images/900.jpg
901,267,3,2,1346,255000,data/train_images/901.jpg
902,193,3,2,1540,279000,data/train_images/902.jpg
904,193,5,3,2289,294999,data/train_images/904.jpg
905,187,3,2,1560,250000,data/train_images/905.jpg
906,199,3,2,1441,295000,data/train_images/906.jpg
907,193,3,2,1529,284990,data/train_images/907.jpg
908,193,3,2,1800,265000,data/train_images/908.jpg
909,193,4,2,1517,247000,data/train_images/909.jpg
910,267,4,2,1414,279999,data/train_images/910.jpg
911,267,3,2,1645,298500,data/train_images/911.jpg
912,193,3,2,1707,276900,data/train_images/912.jpg
913,193,3,2,1304,249900,data/train_images/913.jpg
914,267,3,2,1737,295000,data/train_images/914.jpg
915,193,3,2,1119,265000,data/train_images/915.jpg
916,188,3,4,1346,250000,data/train_images/916.jpg
917,267,2,2,937,254900,data/train_images/917.jpg
918,193,2,2,1052,299000,data/train_images/918.jpg
919,193,3,1,1212,250000,data/train_images/919.jpg
920,193,3,2,1304,269900,data/train_images/920.jpg
921,267,3,2,1557,285000,data/train_images/921.jpg
922,193,3,2,1620,270000,data/train_images/922.jpg
923,267,3,2,1521,279000,data/train_images/923.jpg
924,193,3,1,1476,300000,data/train_images/924.jpg
925,267,4,2,2119,299999,data/train_images/925.jpg
926,199,3,2,1134,290000,data/train_images/926.jpg
927,193,3,1,936,260000,data/train_images/927.jpg
928,267,3,1,998,275000,data/train_images/928.jpg
930,193,3,2,2022,249000,data/train_images/930.jpg
931,85,2,1,767,340000,data/train_images/931.jpg
932,193,3,2,1485,349900,data/train_images/932.jpg
933,267,4,3,1959,339900,data/train_images/933.jpg
934,267,4,2,1746,349000,data/train_images/934.jpg
935,193,3,2,1722,347000,data/train_images/935.jpg
936,267,3,2,1232,299990,data/train_images/936.jpg
937,207,2,1,660,325000,data/train_images/937.jpg
938,193,3,2,1537,299999,data/train_images/938.jpg
939,199,3,2,1448,312000,data/train_images/939.jpg
940,267,3,2,1132,310000,data/train_images/940.jpg
941,267,3,3,1780,340000,data/train_images/941.jpg
942,193,3,2,1552,334990,data/train_images/942.jpg
943,193,3,2,1541,330990,data/train_images/943.jpg
944,207,1,1,568,299000,data/train_images/944.jpg
945,290,2,1,752,315000,data/train_images/945.jpg
946,193,4,2,1671,349900,data/train_images/946.jpg
947,193,4,2,1274,298900,data/train_images/947.jpg
948,193,4,3,1956,324900,data/train_images/948.jpg
949,193,4,3,1905,299900,data/train_images/949.jpg
950,207,1,1,672,350000,data/train_images/950.jpg
951,207,2,1,620,350000,data/train_images/951.jpg
952,290,3,2,1344,299000,data/train_images/952.jpg
953,207,2,1,936,350000,data/train_images/953.jpg
954,149,3,1,720,349900,data/train_images/954.jpg
955,199,3,2,1485,315000,data/train_images/955.jpg
956,267,3,2,1218,345000,data/train_images/956.jpg
957,199,4,2,1771,319900,data/train_images/957.jpg
958,193,4,3,2476,319000,data/train_images/958.jpg
959,193,4,3,1852,329900,data/train_images/959.jpg
960,267,3,3,1535,339900,data/train_images/960.jpg
961,267,2,2,1499,335000,data/train_images/961.jpg
962,193,5,3,1974,335000,data/train_images/962.jpg
963,267,3,2,1718,335900,data/train_images/963.jpg
964,162,3,2,2289,315000,data/train_images/964.jpg
965,267,4,3,2262,315000,data/train_images/965.jpg
966,267,4,2,1983,328000,data/train_images/966.jpg
967,207,3,2,1181,350000,data/train_images/967.jpg
968,267,4,2,1860,334900,data/train_images/968.jpg
970,290,3,2,906,325000,data/train_images/970.jpg
971,207,2,1,589,349900,data/train_images/971.jpg
972,199,3,2,1672,329000,data/train_images/972.jpg
973,267,4,2,1355,299999,data/train_images/973.jpg
974,295,3,1,945,304990,data/train_images/974.jpg
975,198,2,1,810,345000,data/train_images/975.jpg
976,295,5,3,2533,350000,data/train_images/976.jpg
977,193,3,3,1843,319990,data/train_images/977.jpg
978,193,4,3,2632,335000,data/train_images/978.jpg
980,267,4,3,1692,339000,data/train_images/980.jpg
981,267,4,3,1690,349900,data/train_images/981.jpg
982,193,6,3,2925,325000,data/train_images/982.jpg
983,193,4,3,2315,315000,data/train_images/983.jpg
984,4,3,1,889,349000,data/train_images/984.jpg
985,199,4,2,1964,329990,data/train_images/985.jpg
986,267,3,2,1141,310000,data/train_images/986.jpg
987,193,4,3,2094,335000,data/train_images/987.jpg
988,193,3,2,2208,323500,data/train_images/988.jpg
990,267,3,3,1544,314950,data/train_images/990.jpg
991,85,2,1,684,342000,data/train_images/991.jpg
992,193,4,3,2049,345000,data/train_images/992.jpg
993,267,4,3,1661,329999,data/train_images/993.jpg
994,267,3,3,1794,320000,data/train_images/994.jpg
995,267,5,3,2165,355000,data/train_images/995.jpg
996,193,4,3,2133,299900,data/train_images/996.jpg
998,295,3,2,1440,343000,data/train_images/998.jpg
1001,267,4,2,1836,319900,data/train_images/1001.jpg
1002,193,3,2,1890,305000,data/train_images/1002.jpg
1003,295,4,2,1836,305000,data/train_images/1003.jpg
1004,193,4,2,1334,299900,data/train_images/1004.jpg
1005,193,4,3,2100,319900,data/train_images/1005.jpg
1006,193,4,3,1971,320000,data/train_images/1006.jpg
1007,267,4,3,1969,324000,data/train_images/1007.jpg
1008,193,4,3,1679,310000,data/train_images/1008.jpg
1009,267,4,2,1766,309999,data/train_images/1009.jpg
1010,193,4,3,3272,355000,data/train_images/1010.jpg
1011,193,5,3,1998,320000,data/train_images/1011.jpg
1012,193,4,3,2110,329000,data/train_images/1012.jpg
1013,193,4,3,2035,314900,data/train_images/1013.jpg
1014,267,5,3,2098,314900,data/train_images/1014.jpg
1015,193,5,3,1800,349800,data/train_images/1015.jpg
1016,290,1,1,389,305000,data/train_images/1016.jpg
1017,193,3,2,1504,349000,data/train_images/1017.jpg
1018,85,2,1,1097,350000,data/train_images/1018.jpg
1021,85,3,1,800,342900,data/train_images/1021.jpg
1022,193,4,3,1679,330000,data/train_images/1022.jpg
1023,193,4,3,2841,349900,data/train_images/1023.jpg
1024,267,4,2,1944,335000,data/train_images/1024.jpg
1025,267,3,3,1452,299900,data/train_images/1025.jpg
1026,267,3,3,2095,329000,data/train_images/1026.jpg
1027,267,5,2,1914,339800,data/train_images/1027.jpg
1028,199,3,2,1304,315000,data/train_images/1028.jpg
1029,267,3,3,1732,319900,data/train_images/1029.jpg
1030,133,2,2,1056,327000,data/train_images/1030.jpg
1031,207,2,1,572,315000,data/train_images/1031.jpg
1032,184,3,2,1560,305000,data/train_images/1032.jpg
1033,193,4,2,1784,324999,data/train_images/1033.jpg
1034,267,4,2,1600,350000,data/train_images/1034.jpg
1035,207,2,1,696,340000,data/train_images/1035.jpg
1036,193,3,2,1706,299000,data/train_images/1036.jpg
1037,193,3,3,1294,315000,data/train_images/1037.jpg
1038,199,3,2,1441,295000,data/train_images/1038.jpg
1039,207,2,1,834,299999,data/train_images/1039.jpg
1041,267,3,3,2095,299000,data/train_images/1041.jpg
1042,281,2,1,1027,350000,data/train_images/1042.jpg
1043,199,3,2,1050,325000,data/train_images/1043.jpg
1044,193,4,3,2640,355000,data/train_images/1044.jpg
1045,193,4,3,2637,332800,data/train_images/1045.jpg
1046,193,4,3,1516,328000,data/train_images/1046.jpg
1048,267,3,2,1384,305000,data/train_images/1048.jpg
1049,193,4,2,1606,310000,data/train_images/1049.jpg
1050,267,4,3,1670,339900,data/train_images/1050.jpg
1051,193,4,3,2154,349000,data/train_images/1051.jpg
1052,193,3,2,1430,344146,data/train_images/1052.jpg
1053,193,4,2,1966,319999,data/train_images/1053.jpg
1054,267,4,3,1922,320000,data/train_images/1054.jpg
1055,267,3,2,1560,328900,data/train_images/1055.jpg
1056,193,5,3,1809,314900,data/train_images/1056.jpg
1057,267,3,3,1663,329900,data/train_images/1057.jpg
1058,193,4,3,1852,329000,data/train_images/1058.jpg
1059,193,3,2,1521,315000,data/train_images/1059.jpg
1060,85,3,1,756,340000,data/train_images/1060.jpg
1061,267,4,3,2002,319900,data/train_images/1061.jpg
1062,184,3,2,1434,325000,data/train_images/1062.jpg
1063,200,2,2,1932,340000,data/train_images/1063.jpg
1064,193,4,2,1650,295000,data/train_images/1064.jpg
1066,193,5,3,2365,345000,data/train_images/1066.jpg
1068,267,3,2,1549,324999,data/train_images/1068.jpg
1069,193,4,2,1856,334000,data/train_images/1069.jpg
1070,267,4,2,1650,309900,data/train_images/1070.jpg
1072,184,3,3,1519,339000,data/train_images/1072.jpg
1073,184,3,2,1475,349000,data/train_images/1073.jpg
1074,85,2,1,760,349900,data/train_images/1074.jpg
1075,267,4,2,1951,344999,data/train_images/1075.jpg
1076,267,3,2,1886,349000,data/train_images/1076.jpg
1077,207,3,2,858,329000,data/train_images/1077.jpg
1078,193,4,2,1450,299900,data/train_images/1078.jpg
1079,267,2,1,927,350000,data/train_images/1079.jpg
1080,193,4,3,2244,319800,data/train_images/1080.jpg
1082,138,2,1,741,345000,data/train_images/1082.jpg
1084,267,2,2,924,295000,data/train_images/1084.jpg
1085,290,2,1,1125,348888,data/train_images/1085.jpg
1086,204,1,1,576,345000,data/train_images/1086.jpg
1087,267,3,2,1581,300000,data/train_images/1087.jpg
1091,193,2,2,1052,299000,data/train_images/1091.jpg
1092,267,5,3,1914,319888,data/train_images/1092.jpg
1093,267,4,3,1744,324900,data/train_images/1093.jpg
1094,232,2,1,1100,350000,data/train_images/1094.jpg
1095,193,4,2,1858,319000,data/train_images/1095.jpg
1096,267,3,2,1402,350000,data/train_images/1096.jpg
1097,267,3,3,1782,336200,data/train_images/1097.jpg
1098,267,3,3,2360,349999,data/train_images/1098.jpg
1099,199,3,2,1800,340000,data/train_images/1099.jpg
1100,193,3,2,1704,337900,data/train_images/1100.jpg
1101,207,2,1,512,298000,data/train_images/1101.jpg
1102,193,3,2,1430,326760,data/train_images/1102.jpg
1105,207,1,1,548,309000,data/train_images/1105.jpg
1106,193,3,1,1476,300000,data/train_images/1106.jpg
1107,267,4,3,2000,350000,data/train_images/1107.jpg
1109,267,3,2,1422,310000,data/train_images/1109.jpg
1110,193,3,3,1947,320000,data/train_images/1110.jpg
1111,193,3,2,1646,310000,data/train_images/1111.jpg
1112,295,3,2,2000,339000,data/train_images/1112.jpg
1113,193,5,3,2344,320000,data/train_images/1113.jpg
1114,193,3,2,1588,300000,data/train_images/1114.jpg
1115,162,2,2,1369,299000,data/train_images/1115.jpg
1116,111,1,1,648,329900,data/train_images/1116.jpg
1117,207,2,1,672,335000,data/train_images/1117.jpg
1118,193,3,2,1485,349900,data/train_images/1118.jpg
1119,267,4,2,1746,349000,data/train_images/1119.jpg
1120,207,2,1,884,399000,data/train_images/1120.jpg
1121,193,3,2,1722,347000,data/train_images/1121.jpg
1122,187,3,3,1700,375000,data/train_images/1122.jpg
1123,290,3,2,1268,399900,data/train_images/1123.jpg
1125,267,4,3,2172,368000,data/train_images/1125.jpg
1126,204,2,2,650,369900,data/train_images/1126.jpg
1127,267,4,2,1798,369870,data/train_images/1127.jpg
1129,267,4,3,2272,389990,data/train_images/1129.jpg
1130,193,4,2,2933,370000,data/train_images/1130.jpg
1131,207,3,1,820,359000,data/train_images/1131.jpg
1132,267,4,3,2513,369787,data/train_images/1132.jpg
1133,174,2,1,814,364950,data/train_images/1133.jpg
1134,207,2,1,914,387000,data/train_images/1134.jpg
1135,19,1,1,576,369900,data/train_images/1135.jpg
1136,207,2,1,680,399999,data/train_images/1136.jpg
1137,193,4,2,1671,349900,data/train_images/1137.jpg
1138,290,3,1,1404,399000,data/train_images/1138.jpg
1139,204,2,1,780,375000,data/train_images/1139.jpg
1141,267,4,3,2582,360000,data/train_images/1141.jpg
1142,25,2,2,784,379888,data/train_images/1142.jpg
1143,248,2,1,768,405000,data/train_images/1143.jpg
1144,193,4,3,2170,359000,data/train_images/1144.jpg
1145,193,7,5,3566,395000,data/train_images/1145.jpg
1146,207,1,1,672,350000,data/train_images/1146.jpg
1147,207,2,1,620,350000,data/train_images/1147.jpg
1148,267,4,2,2815,379900,data/train_images/1148.jpg
1149,267,4,3,1983,379900,data/train_images/1149.jpg
1150,193,4,3,2518,388888,data/train_images/1150.jpg
1151,207,2,1,936,350000,data/train_images/1151.jpg
1152,149,3,1,720,349900,data/train_images/1152.jpg
1153,199,4,3,2148,375000,data/train_images/1153.jpg
1154,267,4,3,1738,375000,data/train_images/1154.jpg
1155,267,3,2,1218,345000,data/train_images/1155.jpg
1156,267,3,3,2157,359000,data/train_images/1156.jpg
1157,193,4,2,2360,359900,data/train_images/1157.jpg
1158,207,2,1,744,359900,data/train_images/1158.jpg
1159,193,3,2,2055,387870,data/train_images/1159.jpg
1160,193,5,3,2523,379000,data/train_images/1160.jpg
1161,267,5,4,3335,379900,data/train_images/1161.jpg
1162,193,4,3,2533,369900,data/train_images/1162.jpg
1163,193,5,3,2523,397990,data/train_images/1163.jpg
1164,193,4,2,2487,364900,data/train_images/1164.jpg
1165,267,3,3,2177,380000,data/train_images/1165.jpg
1166,378,1,1,610,399999,data/train_images/1166.jpg
1167,30,1,1,709,399990,data/train_images/1167.jpg
1168,267,4,2,2375,370000,data/train_images/1168.jpg
1169,267,7,3,2592,399000,data/train_images/1169.jpg
1170,193,4,3,1747,365000,data/train_images/1170.jpg
1171,207,3,2,1181,350000,data/train_images/1171.jpg
1172,85,2,1,845,395000,data/train_images/1172.jpg
1173,85,2,1,1006,395000,data/train_images/1173.jpg
1175,193,4,3,2774,369900,data/train_images/1175.jpg
1176,207,2,1,589,349900,data/train_images/1176.jpg
1177,25,2,1,672,385000,data/train_images/1177.jpg
1178,248,2,1,761,379900,data/train_images/1178.jpg
1179,199,4,2,1300,360000,data/train_images/1179.jpg
1180,267,4,3,2134,375000,data/train_images/1180.jpg
1181,198,2,1,810,345000,data/train_images/1181.jpg
1182,207,4,2,1103,400000,data/train_images/1182.jpg
1183,207,3,1,840,369000,data/train_images/1183.jpg
1184,248,2,1,684,369000,data/train_images/1184.jpg
1185,295,5,3,2533,350000,data/train_images/1185.jpg
1186,69,2,2,700,399000,data/train_images/1186.jpg
1187,264,2,1,764,399999,data/train_images/1187.jpg
1188,267,5,3,3328,399900,data/train_images/1188.jpg
1189,267,5,3,2988,375000,data/train_images/1189.jpg
1191,204,2,2,1900,359000,data/train_images/1191.jpg
1192,267,4,3,2066,405000,data/train_images/1192.jpg
1193,207,1,1,574,399900,data/train_images/1193.jpg
1194,267,4,3,1690,349900,data/train_images/1194.jpg
1195,19,2,1,828,389000,data/train_images/1195.jpg
1196,193,3,2,2430,394000,data/train_images/1196.jpg
1197,193,5,3,2782,399990,data/train_images/1197.jpg
1198,193,4,3,2640,389000,data/train_images/1198.jpg
1199,267,4,3,1904,359999,data/train_images/1199.jpg
1200,4,3,1,889,349000,data/train_images/1200.jpg
1730,404,3,1,1155,540000,data/train_images/1730.jpg
1731,322,3,1,1334,525000,data/train_images/1731.jpg
1732,397,3,2,1363,550000,data/train_images/1732.jpg
1733,1,1,1,384,525000,data/train_images/1733.jpg
1734,63,3,2,1556,535000,data/train_images/1734.jpg
1735,91,3,1,1089,500000,data/train_images/1735.jpg
1736,207,3,1,1196,539900,data/train_images/1736.jpg
1737,174,4,2,1367,499999,data/train_images/1737.jpg
1738,207,2,1,886,499900,data/train_images/1738.jpg
1739,313,3,2,1136,525000,data/train_images/1739.jpg
1740,155,2,1,640,509900,data/train_images/1740.jpg
1741,204,2,1,877,499000,data/train_images/1741.jpg
1742,342,4,3,2122,540000,data/train_images/1742.jpg
1743,248,3,2,1274,535000,data/train_images/1743.jpg
1744,397,4,2,1440,550000,data/train_images/1744.jpg
1745,25,3,2,1086,495000,data/train_images/1745.jpg
1746,281,3,2,1600,529000,data/train_images/1746.jpg
1747,204,5,3,1625,529000,data/train_images/1747.jpg
1749,342,3,2,1600,519000,data/train_images/1749.jpg
1750,63,3,2,1120,509900,data/train_images/1750.jpg
1751,383,3,2,1245,549000,data/train_images/1751.jpg
1752,207,3,1,985,499000,data/train_images/1752.jpg
1753,127,3,2,1071,515000,data/train_images/1753.jpg
1754,290,4,3,1552,525000,data/train_images/1754.jpg
1755,17,3,2,1583,550000,data/train_images/1755.jpg
1756,322,2,1,1184,505000,data/train_images/1756.jpg
1757,207,2,1,720,515000,data/train_images/1757.jpg
1758,91,4,2,1524,538000,data/train_images/1758.jpg
1759,397,3,1,1408,498888,data/train_images/1759.jpg
1760,84,4,2,1445,505000,data/train_images/1760.jpg
1761,103,2,1,940,499900,data/train_images/1761.jpg
1762,281,3,2,1113,549900,data/train_images/1762.jpg
1763,174,3,2,1241,549000,data/train_images/1763.jpg
1764,192,2,1,1188,539000,data/train_images/1764.jpg
1765,211,3,3,1366,515000,data/train_images/1765.jpg
1766,133,3,2,1934,499900,data/train_images/1766.jpg
1767,290,3,2,1280,528888,data/train_images/1767.jpg
1768,378,3,1,1064,519000,data/train_images/1768.jpg
1769,248,3,2,1374,529999,data/train_images/1769.jpg
1770,107,3,2,1176,525000,data/train_images/1770.jpg
1771,91,4,2,1175,535000,data/train_images/1771.jpg
1772,281,4,2,1242,535000,data/train_images/1772.jpg
1773,248,3,1,1099,550000,data/train_images/1773.jpg
1774,136,4,2,1132,535000,data/train_images/1774.jpg
1776,111,2,2,1168,499000,data/train_images/1776.jpg
1777,270,3,1,1329,525000,data/train_images/1777.jpg
1778,91,3,2,1589,499500,data/train_images/1778.jpg
1779,174,3,2,1222,520000,data/train_images/1779.jpg
1780,207,4,3,2217,499000,data/train_images/1780.jpg
1782,239,3,1,1378,510000,data/train_images/1782.jpg
1783,91,4,2,1100,499900,data/train_images/1783.jpg
1784,378,3,2,1663,549945,data/train_images/1784.jpg
1785,272,3,3,1164,525000,data/train_images/1785.jpg
1786,225,3,2,1134,538000,data/train_images/1786.jpg
1787,193,5,3,3281,499000,data/train_images/1787.jpg
1788,174,3,2,1145,515000,data/train_images/1788.jpg
1789,125,2,1,831,525000,data/train_images/1789.jpg
1790,204,3,2,1618,525000,data/train_images/1790.jpg
1791,103,2,1,838,539000,data/train_images/1791.jpg
1792,365,3,2,1101,499000,data/train_images/1792.jpg
1794,17,3,2,1206,514900,data/train_images/1794.jpg
1796,397,3,2,1372,535000,data/train_images/1796.jpg
1797,23,3,2,1175,525000,data/train_images/1797.jpg
1798,6,2,1,817,525000,data/train_images/1798.jpg
1799,207,3,1,1349,535000,data/train_images/1799.jpg
1800,63,4,2,1352,525000,data/train_images/1800.jpg
1801,207,3,2,1187,500000,data/train_images/1801.jpg
1802,363,2,1,1038,529000,data/train_images/1802.jpg
1803,223,3,1,1064,548000,data/train_images/1803.jpg
1804,207,3,2,1027,499000,data/train_images/1804.jpg
1806,155,2,1,822,499900,data/train_images/1806.jpg
1807,91,4,2,1482,499000,data/train_images/1807.jpg
1808,264,3,1,1074,497000,data/train_images/1808.jpg
1809,383,3,2,1128,498894,data/train_images/1809.jpg
1810,91,3,1,1065,519900,data/train_images/1810.jpg
1811,404,3,2,1400,529500,data/train_images/1811.jpg
1812,85,4,2,1086,499900,data/train_images/1812.jpg
1813,204,3,1,972,549900,data/train_images/1813.jpg
1814,192,2,2,1208,550000,data/train_images/1814.jpg
1815,264,4,2,1334,499000,data/train_images/1815.jpg
1816,174,3,2,1320,548000,data/train_images/1816.jpg
1817,365,4,2,1586,540000,data/train_images/1817.jpg
1818,378,2,2,1100,544000,data/train_images/1818.jpg
1819,207,2,1,1172,499999,data/train_images/1819.jpg
1820,354,3,2,1494,549900,data/train_images/1820.jpg
1821,248,3,2,1875,550000,data/train_images/1821.jpg
1822,111,4,2,1197,535000,data/train_images/1822.jpg
1823,342,4,3,1927,550000,data/train_images/1823.jpg
1824,204,4,2,1585,550000,data/train_images/1824.jpg
1827,383,4,3,2043,499000,data/train_images/1827.jpg
1828,248,2,1,861,499000,data/train_images/1828.jpg
1830,207,2,1,972,510000,data/train_images/1830.jpg
1831,198,3,2,1970,539900,data/train_images/1831.jpg
1832,85,3,2,1520,515000,data/train_images/1832.jpg
1833,174,4,2,1216,520000,data/train_images/1833.jpg
1836,32,2,2,892,539000,data/train_images/1836.jpg
1837,342,4,2,1895,539999,data/train_images/1837.jpg
1838,342,3,2,1410,524900,data/train_images/1838.jpg
1839,306,3,2,1511,524000,data/train_images/1839.jpg
1840,207,2,1,936,549000,data/train_images/1840.jpg
1841,1,3,2,1947,555000,data/train_images/1841.jpg
1842,136,3,1,984,499900,data/train_images/1842.jpg
1843,245,2,1,1258,549999,data/train_images/1843.jpg
1844,207,3,1,1008,525000,data/train_images/1844.jpg
1845,375,1,1,518,499000,data/train_images/1845.jpg
1846,264,4,3,1732,499975,data/train_images/1846.jpg
1847,1,3,2,1816,499900,data/train_images/1847.jpg
1848,207,3,2,1034,549900,data/train_images/1848.jpg
1849,25,3,2,1328,525000,data/train_images/1849.jpg
1850,281,3,2,1531,544000,data/train_images/1850.jpg
1851,204,3,2,1600,504500,data/train_images/1851.jpg
1852,85,4,2,1592,499000,data/train_images/1852.jpg
1853,376,3,1,960,539900,data/train_images/1853.jpg
1854,383,3,3,1694,549999,data/train_images/1854.jpg
1855,207,2,1,1162,510000,data/train_images/1855.jpg
1857,353,3,1,1106,524900,data/train_images/1857.jpg
1858,223,3,2,1593,539700,data/train_images/1858.jpg
1859,85,4,3,1905,524999,data/train_images/1859.jpg
1860,207,2,1,1225,525000,data/train_images/1860.jpg
1861,354,2,1,1242,495000,data/train_images/1861.jpg
1862,306,3,1,1122,539950,data/train_images/1862.jpg
1863,107,3,2,872,542000,data/train_images/1863.jpg
1864,383,3,3,1678,519900,data/train_images/1864.jpg
1865,207,3,2,1483,550000,data/train_images/1865.jpg
1866,193,5,3,4497,515000,data/train_images/1866.jpg
1867,125,3,2,776,546000,data/train_images/1867.jpg
1868,397,3,1,1214,539900,data/train_images/1868.jpg
1869,264,5,2,1638,549500,data/train_images/1869.jpg
1870,207,3,1,1136,549900,data/train_images/1870.jpg
1871,81,3,2,1305,579999,data/train_images/1871.jpg
1872,204,4,2,1504,570000,data/train_images/1872.jpg
1873,383,3,3,1404,550000,data/train_images/1873.jpg
1874,272,4,2,1510,605000,data/train_images/1874.jpg
1875,204,3,2,1289,599000,data/train_images/1875.jpg
1876,365,4,2,1608,550000,data/train_images/1876.jpg
1877,313,2,1,1140,599900,data/train_images/1877.jpg
1878,397,4,2,1344,568000,data/train_images/1878.jpg
1879,274,2,2,972,599900,data/train_images/1879.jpg
1880,211,4,2,1508,589000,data/train_images/1880.jpg
1881,192,3,2,1302,585000,data/train_images/1881.jpg
1882,408,4,2,1479,580000,data/train_images/1882.jpg
1883,239,4,3,1262,579000,data/train_images/1883.jpg
1884,63,3,2,1322,569000,data/train_images/1884.jpg
1886,353,3,1,1188,570000,data/train_images/1886.jpg
1887,404,4,3,1477,599800,data/train_images/1887.jpg
1889,23,3,2,1527,558000,data/train_images/1889.jpg
1890,272,3,2,1410,550000,data/train_images/1890.jpg
1891,408,4,2,1479,586500,data/train_images/1891.jpg
1892,404,4,2,1384,575000,data/train_images/1892.jpg
1893,404,3,2,1440,588000,data/train_images/1893.jpg
1894,63,4,3,2214,565000,data/train_images/1894.jpg
1895,306,4,2,1192,564500,data/train_images/1895.jpg
1896,342,3,2,1174,557500,data/train_images/1896.jpg
1897,248,4,2,1209,560000,data/train_images/1897.jpg
1898,174,3,2,1257,550000,data/train_images/1898.jpg
1899,192,3,1,1068,585000,data/train_images/1899.jpg
1900,1,4,3,3093,599900,data/train_images/1900.jpg
1901,397,4,2,1612,575000,data/train_images/1901.jpg
1902,91,3,2,1128,589000,data/train_images/1902.jpg
1903,192,3,2,1205,599900,data/train_images/1903.jpg
1904,404,3,1,1088,549900,data/train_images/1904.jpg
1905,32,3,2,1056,550000,data/train_images/1905.jpg
1906,192,3,2,1922,560900,data/train_images/1906.jpg
1907,387,3,2,1351,595000,data/train_images/1907.jpg
1909,270,3,2,1547,579900,data/train_images/1909.jpg
1910,130,3,2,2028,599800,data/train_images/1910.jpg
1911,387,3,1,1224,599900,data/train_images/1911.jpg
1912,207,2,1,977,550000,data/train_images/1912.jpg
1913,397,3,2,1363,550000,data/train_images/1913.jpg
1914,192,3,1,1128,572500,data/train_images/1914.jpg
1915,204,2,1,977,560000,data/train_images/1915.jpg
1916,70,4,2,2535,599000,data/train_images/1916.jpg
1917,281,4,4,2036,590000,data/train_images/1917.jpg
1918,207,3,2,1500,598800,data/train_images/1918.jpg
1919,204,2,1,1127,585000,data/train_images/1919.jpg
1920,70,3,2,1332,580000,data/train_images/1920.jpg
1922,207,3,1,1172,575000,data/train_images/1922.jpg
1923,248,4,2,1527,595000,data/train_images/1923.jpg
1924,91,4,2,1645,565000,data/train_images/1924.jpg
1925,397,4,2,1440,550000,data/train_images/1925.jpg
1926,365,5,3,1943,599900,data/train_images/1926.jpg
1927,248,3,2,1205,575000,data/train_images/1927.jpg
1928,404,4,2,1336,598000,data/train_images/1928.jpg
1929,1,3,1,1508,550000,data/train_images/1929.jpg
1930,247,4,2,1584,579999,data/train_images/1930.jpg
1931,383,3,2,1245,549000,data/train_images/1931.jpg
1932,248,3,2,1454,585000,data/train_images/1932.jpg
1933,136,3,2,1344,560000,data/train_images/1933.jpg
1934,85,4,2,2700,599900,data/train_images/1934.jpg
1935,17,3,2,1583,550000,data/train_images/1935.jpg
1936,207,3,2,1269,579900,data/train_images/1936.jpg
1937,378,2,1,891,564900,data/train_images/1937.jpg
1938,281,3,2,1113,549900,data/train_images/1938.jpg
1939,174,3,2,1241,549000,data/train_images/1939.jpg
1940,192,2,2,1328,559900,data/train_images/1940.jpg
1941,192,2,1,1044,599000,data/train_images/1941.jpg
1942,330,2,1,783,565000,data/train_images/1942.jpg
1944,387,3,2,1743,579888,data/train_images/1944.jpg
1945,102,4,2,1503,585000,data/train_images/1945.jpg
1947,247,3,2,1413,600000,data/train_images/1947.jpg
1948,91,3,1,1765,580000,data/train_images/1948.jpg
1951,248,3,1,1099,550000,data/train_images/1951.jpg
1952,342,4,3,1924,599000,data/train_images/1952.jpg
1954,207,3,2,1560,597500,data/train_images/1954.jpg
1955,32,3,2,1386,574900,data/train_images/1955.jpg
1956,192,2,1,815,599900,data/train_images/1956.jpg
1957,102,3,2,1500,570000,data/train_images/1957.jpg
1959,103,4,2,1398,565000,data/train_images/1959.jpg
1960,248,3,2,1341,565000,data/train_images/1960.jpg
1961,102,3,2,1288,568000,data/train_images/1961.jpg
1962,290,4,3,1988,575000,data/train_images/1962.jpg
1963,192,3,1,1210,589000,data/train_images/1963.jpg
1964,408,3,2,1380,599950,data/train_images/1964.jpg
1965,330,2,1,910,558900,data/train_images/1965.jpg
1966,63,5,3,2530,579000,data/train_images/1966.jpg
1967,378,3,1,1484,575000,data/train_images/1967.jpg
1968,378,3,2,1663,549945,data/train_images/1968.jpg
1969,127,3,1,1343,595000,data/train_images/1969.jpg
1970,81,3,2,1184,589000,data/train_images/1970.jpg
1971,81,3,1,1288,559000,data/train_images/1971.jpg
1972,225,3,1,1115,598888,data/train_images/1972.jpg
1973,395,3,2,1380,559999,data/train_images/1973.jpg
1975,404,4,2,2628,589999,data/train_images/1975.jpg
1976,334,2,2,1271,565000,data/train_images/1976.jpg
1977,91,4,2,1323,564999,data/train_images/1977.jpg
1978,69,4,2,1225,593000,data/train_images/1978.jpg
1979,223,3,1,1064,548000,data/train_images/1979.jpg
1981,342,3,2,1188,569900,data/train_images/1981.jpg
1982,139,4,3,1781,575000,data/train_images/1982.jpg
1983,247,3,1,1366,579500,data/train_images/1983.jpg
1984,280,3,3,2333,599000,data/train_images/1984.jpg
1985,207,5,3,1680,599000,data/train_images/1985.jpg
1986,204,3,1,972,549900,data/train_images/1986.jpg
1987,192,2,2,1208,550000,data/train_images/1987.jpg
1988,365,5,3,2204,599999,data/train_images/1988.jpg
1989,397,4,2,1925,599000,data/train_images/1989.jpg
1990,174,3,2,1320,548000,data/train_images/1990.jpg
1991,204,2,1,1224,569000,data/train_images/1991.jpg
1992,70,3,3,1467,565000,data/train_images/1992.jpg
1993,354,3,2,1494,549900,data/train_images/1993.jpg
1994,207,4,3,1967,560000,data/train_images/1994.jpg
1995,207,4,2,1200,574999,data/train_images/1995.jpg
1996,359,3,3,1711,598000,data/train_images/1996.jpg
1997,248,3,2,1875,550000,data/train_images/1997.jpg
1998,217,3,2,1581,579000,data/train_images/1998.jpg
1999,91,4,2,1400,599900,data/train_images/1999.jpg
2000,383,3,3,1671,600000,data/train_images/2000.jpg
2001,239,3,2,1396,599900,data/train_images/2001.jpg
2002,207,4,2,1510,585000,data/train_images/2002.jpg
2003,342,4,3,1927,550000,data/train_images/2003.jpg
2004,91,3,2,1387,598000,data/train_images/2004.jpg
2005,204,4,2,1585,550000,data/train_images/2005.jpg
2006,290,4,3,2095,598000,data/train_images/2006.jpg
2007,204,3,2,1290,597000,data/train_images/2007.jpg
2008,290,4,3,2095,589000,data/train_images/2008.jpg
2009,62,3,2,1153,599990,data/train_images/2009.jpg
2010,104,3,4,1460,594900,data/train_images/2010.jpg
2011,69,4,2,1332,565000,data/train_images/2011.jpg
2012,174,4,2,1300,575000,data/train_images/2012.jpg
2013,248,4,2,1613,559000,data/train_images/2013.jpg
2014,149,3,1,1490,580000,data/train_images/2014.jpg
2015,383,3,2,1603,585000,data/train_images/2015.jpg
2016,383,3,3,1672,588000,data/train_images/2016.jpg
2017,245,2,1,1073,579500,data/train_images/2017.jpg
2018,204,5,3,1875,585000,data/train_images/2018.jpg
2019,365,4,2,1437,579000,data/train_images/2019.jpg
2021,127,4,3,1664,590000,data/train_images/2021.jpg
2023,272,3,2,1344,599900,data/train_images/2023.jpg
2024,207,2,1,936,549000,data/train_images/2024.jpg
2025,1,3,2,1947,555000,data/train_images/2025.jpg
2028,244,4,2,1469,599990,data/train_images/2028.jpg
2029,174,3,3,1769,595000,data/train_images/2029.jpg
2031,207,3,2,1189,589000,data/train_images/2031.jpg
2032,207,3,2,1034,549900,data/train_images/2032.jpg
2033,397,4,2,1753,585000,data/train_images/2033.jpg
2034,306,3,2,1776,570000,data/train_images/2034.jpg
2035,383,3,3,1694,549999,data/train_images/2035.jpg
2036,322,3,2,1102,560000,data/train_images/2036.jpg
2038,404,4,2,1419,579000,data/train_images/2038.jpg
2039,207,3,2,1483,550000,data/train_images/2039.jpg
2040,207,2,1,996,575000,data/train_images/2040.jpg
2041,281,4,2,1667,570000,data/train_images/2041.jpg
2042,174,3,2,1128,589000,data/train_images/2042.jpg
2043,404,4,3,2058,579000,data/train_images/2043.jpg
2044,125,3,2,776,546000,data/train_images/2044.jpg
2045,404,3,2,1406,615000,data/train_images/2045.jpg
2046,404,3,1,1360,645000,data/train_images/2046.jpg
2048,342,4,3,2579,625000,data/train_images/2048.jpg
2049,207,3,2,816,610000,data/train_images/2049.jpg
2050,272,4,2,1510,605000,data/train_images/2050.jpg
2051,204,3,2,1289,599000,data/train_images/2051.jpg
2052,130,3,1,1130,649000,data/train_images/2052.jpg
2053,167,2,1,924,619000,data/train_images/2053.jpg
2058,313,2,1,1140,599900,data/train_images/2058.jpg
2059,274,2,2,972,599900,data/train_images/2059.jpg
2060,172,3,2,1509,650000,data/train_images/2060.jpg
2061,387,3,2,1493,629999,data/train_images/2061.jpg
2062,6,2,1,893,649500,data/train_images/2062.jpg
2063,136,4,2,1975,649000,data/train_images/2063.jpg
2064,404,4,3,1477,599800,data/train_images/2064.jpg
2065,176,3,2,1630,621000,data/train_images/2065.jpg
2066,315,4,3,1507,645000,data/train_images/2066.jpg
2067,383,4,2,1817,632900,data/train_images/2067.jpg
2068,365,5,3,2201,625000,data/train_images/2068.jpg
2069,321,2,2,1279,649900,data/train_images/2069.jpg
2070,139,3,3,1222,625000,data/train_images/2070.jpg
2071,1,4,3,3093,599900,data/train_images/2071.jpg
2072,130,3,2,1400,619950,data/train_images/2072.jpg
2073,126,2,1,891,610000,data/train_images/2073.jpg
2074,207,4,2,1366,640000,data/train_images/2074.jpg
2075,63,4,3,2230,625000,data/train_images/2075.jpg
2076,172,3,2,1522,625000,data/train_images/2076.jpg
2077,192,3,2,1205,599900,data/train_images/2077.jpg
2078,397,3,1,1569,609000,data/train_images/2078.jpg
2079,387,3,2,1351,595000,data/train_images/2079.jpg
2080,130,3,2,2028,599800,data/train_images/2080.jpg
2081,387,3,1,1224,599900,data/train_images/2081.jpg
2082,63,4,3,2478,647000,data/train_images/2082.jpg
2083,204,3,2,1159,629500,data/train_images/2083.jpg
2084,111,4,3,2168,618000,data/train_images/2084.jpg
2085,23,3,2,1555,625000,data/train_images/2085.jpg
2086,369,4,2,1840,649000,data/train_images/2086.jpg
2087,239,3,2,1800,620000,data/train_images/2087.jpg
2088,69,4,2,1586,650000,data/train_images/2088.jpg
2089,104,4,2,1346,625000,data/train_images/2089.jpg
2090,70,4,2,2535,599000,data/train_images/2090.jpg
2091,3,4,2,1679,649000,data/train_images/2091.jpg
2092,315,3,2,1754,639900,data/train_images/2092.jpg
2093,207,3,2,1500,598800,data/train_images/2093.jpg
2094,376,3,1,1227,619000,data/train_images/2094.jpg
2095,267,4,3,2341,619900,data/train_images/2095.jpg
2097,204,2,1,1176,649900,data/train_images/2097.jpg
2098,248,4,2,1527,595000,data/train_images/2098.jpg
2099,397,5,3,1895,650000,data/train_images/2099.jpg
2100,111,2,1,1000,649900,data/train_images/2100.jpg
2101,365,5,3,1943,599900,data/train_images/2101.jpg
2102,204,3,2,1438,649000,data/train_images/2102.jpg
2103,404,4,2,1336,598000,data/train_images/2103.jpg
2104,85,4,2,2700,599900,data/train_images/2104.jpg
2105,1,5,3,2778,649999,data/train_images/2105.jpg
2106,69,4,2,1604,639900,data/train_images/2106.jpg
2107,398,3,2,1908,650000,data/train_images/2107.jpg
2108,102,3,2,1709,625000,data/train_images/2108.jpg
2109,192,3,2,1151,610000,data/train_images/2109.jpg
2110,192,3,1,1082,628888,data/train_images/2110.jpg
2111,204,3,2,1287,650000,data/train_images/2111.jpg
2112,192,2,1,1044,599000,data/train_images/2112.jpg
2115,126,2,1,640,635000,data/train_images/2115.jpg
2116,127,3,2,1800,650000,data/train_images/2116.jpg
2117,397,4,2,2035,639000,data/train_images/2117.jpg
2119,155,2,1,1293,635000,data/train_images/2119.jpg
2121,365,4,2,1783,619900,data/train_images/2121.jpg
2122,221,3,2,1169,625000,data/train_images/2122.jpg
2124,397,3,3,2033,649000,data/train_images/2124.jpg
2125,91,4,2,1472,610000,data/train_images/2125.jpg
2126,204,2,1,951,649900,data/train_images/2126.jpg
2127,290,3,2,2233,639900,data/train_images/2127.jpg
2128,247,3,2,1413,600000,data/train_images/2128.jpg
2129,365,4,2,1860,630000,data/train_images/2129.jpg
2131,395,3,2,1320,639998,data/train_images/2131.jpg
2134,342,4,3,1924,599000,data/train_images/2134.jpg
2135,70,4,3,2052,635000,data/train_images/2135.jpg
2137,207,3,2,1560,597500,data/train_images/2137.jpg
2138,62,3,2,1325,608000,data/train_images/2138.jpg
2139,192,2,1,815,599900,data/train_images/2139.jpg
2140,146,3,1,1222,650000,data/train_images/2140.jpg
2141,408,3,2,1380,599950,data/train_images/2141.jpg
2143,85,3,2,1272,625000,data/train_images/2143.jpg
2145,172,4,2,1718,649900,data/train_images/2145.jpg
2146,204,3,2,1473,649999,data/train_images/2146.jpg
2147,127,3,1,1343,595000,data/train_images/2147.jpg
2148,225,3,1,1115,598888,data/train_images/2148.jpg
2150,32,4,3,1609,620000,data/train_images/2150.jpg
2151,204,4,2,1562,647000,data/train_images/2151.jpg
2152,204,3,2,1590,650000,data/train_images/2152.jpg
2155,365,3,2,1624,645000,data/train_images/2155.jpg
2156,192,3,1,1076,635000,data/train_images/2156.jpg
2158,364,3,2,1220,629000,data/train_images/2158.jpg
2160,408,4,2,1928,649999,data/train_images/2160.jpg
2161,245,2,1,1037,639000,data/train_images/2161.jpg
2162,397,4,3,1557,639000,data/train_images/2162.jpg
2163,280,3,3,2333,599000,data/train_images/2163.jpg
2164,32,3,2,1300,649900,data/train_images/2164.jpg
2165,207,5,3,1680,599000,data/train_images/2165.jpg
2166,204,3,2,1498,629000,data/train_images/2166.jpg
2167,204,3,2,1386,615000,data/train_images/2167.jpg
2168,365,5,3,2204,599999,data/train_images/2168.jpg
2169,17,5,3,2107,639000,data/train_images/2169.jpg
2170,267,7,3,3130,649900,data/train_images/2170.jpg
2171,397,4,2,1925,599000,data/train_images/2171.jpg
2172,383,4,2,1957,615000,data/train_images/2172.jpg
2173,397,3,2,1836,629900,data/train_images/2173.jpg
2174,172,3,2,1576,645000,data/train_images/2174.jpg
2176,217,4,2,1196,627900,data/train_images/2176.jpg
2177,1,4,2,1916,639900,data/train_images/2177.jpg
2178,404,3,2,1633,615000,data/train_images/2178.jpg
2179,359,3,3,1711,598000,data/train_images/2179.jpg
2180,91,4,2,1400,599900,data/train_images/2180.jpg
2181,383,3,3,1671,600000,data/train_images/2181.jpg
2183,239,3,2,1396,599900,data/train_images/2183.jpg
2184,363,2,1,1035,650000,data/train_images/2184.jpg
2185,378,3,2,1240,640000,data/train_images/2185.jpg
2186,91,3,2,1387,598000,data/train_images/2186.jpg
2187,321,2,2,1376,629000,data/train_images/2187.jpg
2188,172,4,2,1387,625000,data/train_images/2188.jpg
2189,404,3,2,1920,625000,data/train_images/2189.jpg
2190,290,4,3,2095,598000,data/train_images/2190.jpg
2191,204,3,2,1290,597000,data/train_images/2191.jpg
2192,62,3,2,1153,599990,data/train_images/2192.jpg
2193,17,4,3,2691,629900,data/train_images/2193.jpg
2194,23,4,2,2192,628000,data/train_images/2194.jpg
2195,397,3,2,2224,649900,data/train_images/2195.jpg
2197,102,5,2,1853,650000,data/train_images/2197.jpg
2198,248,3,2,2438,638888,data/train_images/2198.jpg
2201,172,3,2,1494,655000,data/train_images/2201.jpg
2203,397,3,2,2191,650000,data/train_images/2203.jpg
2205,365,4,2,1631,610000,data/train_images/2205.jpg
2207,404,3,2,1557,615000,data/train_images/2207.jpg
2208,244,4,2,1469,599990,data/train_images/2208.jpg
2209,174,3,3,1769,595000,data/train_images/2209.jpg
2211,174,4,3,1491,645000,data/train_images/2211.jpg
2212,81,3,2,1671,639999,data/train_images/2212.jpg
2213,139,3,3,1578,629999,data/train_images/2213.jpg
2214,245,3,2,1160,649900,data/train_images/2214.jpg
2215,23,4,2,1503,635800,data/train_images/2215.jpg
2216,69,4,3,1842,619000,data/train_images/2216.jpg
2217,366,3,2,1697,695000,data/train_images/2217.jpg
2218,404,4,1,2268,699000,data/train_images/2218.jpg
2219,404,3,1,1360,645000,data/train_images/2219.jpg
2221,342,4,2,2569,699900,data/train_images/2221.jpg
2222,10,2,1,971,665000,data/train_images/2222.jpg
2223,321,4,3,2174,699000,data/train_images/2223.jpg
2224,408,3,2,1733,699999,data/train_images/2224.jpg
2225,25,4,3,2117,669999,data/train_images/2225.jpg
2226,192,3,2,1452,688800,data/train_images/2226.jpg
2227,130,3,1,1130,649000,data/train_images/2227.jpg
2229,127,3,2,1664,699999,data/train_images/2229.jpg
2230,155,3,1,1483,679800,data/train_images/2230.jpg
2231,172,3,2,1509,650000,data/train_images/2231.jpg
2232,398,4,2,1439,699000,data/train_images/2232.jpg
2233,342,4,2,2333,676147,data/train_images/2233.jpg
2234,6,2,1,893,649500,data/train_images/2234.jpg
2235,136,4,2,1975,649000,data/train_images/2235.jpg
2236,204,6,2,2018,699000,data/train_images/2236.jpg
2237,315,4,3,1507,645000,data/train_images/2237.jpg
2240,321,2,2,1279,649900,data/train_images/2240.jpg
2241,395,4,3,1958,699888,data/train_images/2241.jpg
2242,127,3,2,1281,688000,data/train_images/2242.jpg
2243,207,3,2,1204,699000,data/train_images/2243.jpg
2244,114,4,2,1717,699000,data/train_images/2244.jpg
2245,63,4,3,2478,647000,data/train_images/2245.jpg
2247,397,4,3,2160,699000,data/train_images/2247.jpg
2248,75,3,2,1504,679000,data/train_images/2248.jpg
2249,204,3,1,1210,669900,data/train_images/2249.jpg
2250,264,4,2,2125,669900,data/train_images/2250.jpg
2251,369,4,2,1840,649000,data/train_images/2251.jpg
2252,69,3,2,2253,699000,data/train_images/2252.jpg
2253,69,4,2,1586,650000,data/train_images/2253.jpg
2254,3,4,2,1679,649000,data/train_images/2254.jpg
2255,365,4,3,2338,674999,data/train_images/2255.jpg
2256,136,4,3,2181,670000,data/train_images/2256.jpg
2257,167,3,1,1304,699000,data/train_images/2257.jpg
2258,16,4,1,1856,698000,data/train_images/2258.jpg
2259,204,2,1,1176,649900,data/train_images/2259.jpg
2260,193,4,4,4044,679990,data/train_images/2260.jpg
2261,408,4,3,1780,659000,data/train_images/2261.jpg
2262,103,3,2,1798,690000,data/train_images/2262.jpg
2263,397,5,3,1895,650000,data/train_images/2263.jpg
